customer_id,last_purchase_days_ago,total_orders,total_spent_usd,support_tickets_opened,is_churned,churn_risk_score,predicted_churn
CUST-1000,21,15,3048.17,1,0,0.1,0
CUST-1001,135,5,681.3,2,0,22.6,0
CUST-1002,59,20,503.42,1,0,2.4,0
CUST-1003,41,12,745.18,3,0,0.4,0
CUST-1004,7,5,350.8,3,0,8.6,0
CUST-1005,7,16,1160.08,1,0,0.0,0
CUST-1006,2,9,583.57,2,0,1.2,0
CUST-1007,90,16,568.98,2,0,1.9,0
CUST-1008,41,4,248.53,5,0,24.6,0
CUST-1009,55,7,426.8,2,0,8.9,0
CUST-1010,1,19,1142.88,2,0,0.0,0
CUST-1011,157,10,505.3,2,1,48.8,0
CUST-1012,80,11,1466.22,2,0,1.7,0
CUST-1013,10,22,5648.32,4,0,0.1,0
CUST-1014,9,9,293.72,1,0,10.3,0
CUST-1015,9,11,140.15,1,0,10.9,0
CUST-1016,16,8,460.12,0,0,5.4,0
CUST-1017,33,34,478.51,6,0,10.2,0
CUST-1018,25,35,779.86,0,0,0.2,0
CUST-1019,15,16,765.66,3,0,0.2,0
CUST-1020,42,8,789.03,1,0,2.4,0
CUST-1021,6,14,799.5,1,0,0.3,0
CUST-1022,15,11,109.31,0,0,13.3,0
CUST-1023,20,48,2718.93,1,0,0.0,0
CUST-1024,27,24,1422.9,1,0,0.1,0
CUST-1025,69,11,658.91,1,0,1.5,0
CUST-1026,10,14,1712.47,2,0,0.2,0
CUST-1027,32,7,776.63,3,0,2.7,0
CUST-1028,40,11,766.26,0,0,0.6,0
CUST-1029,2,4,763.62,2,0,1.0,0
CUST-1030,42,18,859.84,2,0,0.2,0
CUST-1031,8,16,986.14,2,0,0.0,0
CUST-1032,3,10,656.76,1,0,0.7,0
CUST-1033,133,32,762.54,1,0,6.9,0
CUST-1034,151,7,465.58,0,0,24.0,0
CUST-1035,74,19,390.28,3,0,18.8,0
CUST-1036,16,16,688.76,1,0,0.2,0
CUST-1037,4,2,143.1,1,0,8.7,0
CUST-1038,51,7,187.26,4,1,53.4,1
CUST-1039,26,2,162.14,2,1,11.4,0
CUST-1040,5,37,1430.08,6,0,0.1,0
CUST-1041,30,12,633.89,1,0,0.4,0
CUST-1042,1,8,715.56,1,0,2.1,0
CUST-1043,108,13,823.74,2,0,4.5,0
CUST-1044,13,32,2559.24,2,0,0.0,0
CUST-1045,48,18,1552.79,1,0,0.1,0
CUST-1046,16,12,752.8,2,0,0.2,0
CUST-1047,33,22,1819.07,3,0,0.1,0
CUST-1048,35,9,383.18,2,0,11.7,0
CUST-1049,9,4,355.24,0,0,7.2,0
CUST-1050,157,14,808.43,1,0,10.9,0
CUST-1051,67,22,2975.22,1,0,0.5,0
CUST-1052,126,26,1883.6,1,0,0.5,0
CUST-1053,101,10,466.21,0,0,6.3,0
CUST-1054,40,16,1435.43,1,0,0.1,0
CUST-1055,114,19,2632.43,2,0,1.6,0
CUST-1056,4,9,444.38,1,0,3.8,0
CUST-1057,9,7,309.08,1,0,14.6,0
CUST-1058,2,11,74.01,1,0,18.4,0
CUST-1059,17,8,578.72,2,0,2.5,0
CUST-1060,22,12,650.59,0,0,0.4,0
CUST-1061,14,17,1521.47,0,0,0.1,0
CUST-1062,79,7,634.35,0,0,1.4,0
CUST-1063,19,16,394.21,2,0,6.1,0
CUST-1064,14,19,2102.75,1,0,0.0,0
CUST-1065,35,16,640.45,2,1,0.3,0
CUST-1066,6,25,1238.82,0,0,0.1,0
CUST-1067,72,10,813.45,1,0,1.5,0
CUST-1068,3,7,217.89,2,1,25.9,0
CUST-1069,195,11,488.96,3,0,36.6,0
CUST-1070,66,14,407.66,3,0,13.7,0
CUST-1071,9,6,696.92,2,0,1.2,0
CUST-1072,1,26,1359.77,0,0,0.1,0
CUST-1073,76,3,81.33,1,0,31.4,0
CUST-1074,55,25,712.92,3,0,0.2,0
CUST-1075,58,12,1265.45,2,0,0.3,0
CUST-1076,66,4,150.58,0,0,24.9,0
CUST-1077,3,13,634.78,2,0,0.4,0
CUST-1078,19,6,409.27,4,0,10.7,0
CUST-1079,5,13,710.15,3,0,0.2,0
CUST-1080,89,19,311.5,1,0,16.4,0
CUST-1081,43,10,951.08,3,0,1.4,0
CUST-1082,18,8,457.54,0,0,5.4,0
CUST-1083,2,10,794.37,3,0,0.7,0
CUST-1084,16,4,396.64,1,0,5.6,0
CUST-1085,17,3,40.27,1,0,19.9,0
CUST-1086,58,6,598.14,4,0,11.5,0
CUST-1087,45,11,2524.78,2,0,1.5,0
CUST-1088,98,9,760.27,5,0,9.2,0
CUST-1089,28,9,1228.01,3,0,0.8,0
CUST-1090,5,8,911.38,2,0,2.5,0
CUST-1091,56,7,683.13,0,0,2.2,0
CUST-1092,64,11,1278.53,2,0,1.1,0
CUST-1093,37,17,2167.39,2,0,0.1,0
CUST-1094,66,12,1564.44,1,0,0.7,0
CUST-1095,30,10,284.61,3,0,15.6,0
CUST-1096,33,8,962.44,1,0,1.6,0
CUST-1097,25,7,396.74,0,0,9.0,0
CUST-1098,1,11,1463.27,3,0,0.6,0
CUST-1099,5,15,1332.12,4,0,0.1,0
CUST-1100,1,3,84.48,1,0,13.8,0
CUST-1101,45,16,2294.07,1,0,0.1,0
CUST-1102,16,7,281.11,3,0,15.6,0
CUST-1103,31,9,494.44,0,0,3.3,0
CUST-1104,107,26,4221.66,1,0,2.8,0
CUST-1105,12,6,436.4,5,0,22.8,0
CUST-1106,23,5,267.2,0,0,11.7,0
CUST-1107,63,14,891.16,2,0,5.4,0
CUST-1108,11,8,421.77,0,1,19.2,0
CUST-1109,3,1,105.34,1,0,9.9,0
CUST-1110,15,12,645.02,4,0,1.4,0
CUST-1111,7,19,1234.87,4,0,0.1,0
CUST-1112,119,4,372.82,0,0,43.0,0
CUST-1113,74,18,1570.8,7,0,1.9,0
CUST-1114,45,6,254.46,2,0,18.1,0
CUST-1115,92,26,2757.97,2,0,0.7,0
CUST-1116,73,12,572.66,1,0,1.8,0
CUST-1117,9,27,891.28,3,0,0.0,0
CUST-1118,100,12,212.27,0,0,18.6,0
CUST-1119,34,11,656.48,1,0,0.7,0
CUST-1120,74,11,228.15,0,0,14.1,0
CUST-1121,101,14,539.57,1,0,3.6,0
CUST-1122,17,20,1320.13,0,0,0.1,0
CUST-1123,5,13,1637.01,0,0,0.1,0
CUST-1124,11,14,782.02,0,0,0.3,0
CUST-1125,25,25,605.74,3,0,0.3,0
CUST-1126,76,14,872.88,1,1,14.6,0
CUST-1127,88,11,1354.7,2,0,1.8,0
CUST-1128,1,5,275.25,1,0,12.9,0
CUST-1129,32,7,966.73,1,0,1.3,0
CUST-1130,24,7,460.45,1,0,4.2,0
CUST-1131,11,14,1398.71,1,0,0.2,0
CUST-1132,5,10,759.86,1,0,0.6,0
CUST-1133,18,7,940.39,5,0,7.0,0
CUST-1134,128,27,5346.15,0,0,1.0,0
CUST-1135,17,27,1330.26,1,0,0.0,0
CUST-1136,32,8,586.88,1,0,2.5,0
CUST-1137,54,6,755.24,2,0,1.8,0
CUST-1138,20,18,1396.28,1,0,0.0,0
CUST-1139,160,20,339.77,1,1,65.6,1
CUST-1140,147,17,945.03,3,0,2.4,0
CUST-1141,13,4,308.72,1,0,8.6,0
CUST-1142,30,7,1086.57,0,0,1.2,0
CUST-1143,16,10,709.84,1,0,0.6,0
CUST-1144,15,15,552.11,1,0,1.6,0
CUST-1145,1,7,547.9,3,0,4.2,0
CUST-1146,42,2,292.95,1,0,10.9,0
CUST-1147,31,2,88.71,2,0,16.8,0
CUST-1148,2,27,1299.39,2,0,0.0,0
CUST-1149,14,4,179.22,0,0,10.3,0
CUST-1150,107,7,186.65,2,1,55.7,1
CUST-1151,12,17,1174.38,0,0,0.1,0
CUST-1152,7,8,514.09,0,0,12.9,0
CUST-1153,30,7,129.73,1,1,34.5,0
CUST-1154,190,26,1008.09,2,0,0.7,0
CUST-1155,12,10,746.31,3,0,0.7,0
CUST-1156,50,8,788.41,2,0,2.4,0
CUST-1157,64,16,1826.98,1,0,0.5,0
CUST-1158,12,6,618.98,1,0,1.6,0
CUST-1159,58,8,532.77,2,0,4.9,0
CUST-1160,20,19,446.35,0,0,1.7,0
CUST-1161,45,13,752.53,2,0,0.5,0
CUST-1162,45,30,272.39,3,0,13.6,0
CUST-1163,34,28,2095.66,2,0,0.1,0
CUST-1164,4,33,1430.77,2,0,0.0,0
CUST-1165,81,11,144.3,0,1,26.7,0
CUST-1166,17,22,1828.38,0,0,0.1,0
CUST-1167,9,17,2473.25,2,0,0.0,0
CUST-1168,1,6,125.72,0,0,15.4,0
CUST-1169,40,13,1132.67,5,0,0.1,0
CUST-1170,50,8,414.9,0,1,27.0,0
CUST-1171,1,24,963.21,0,0,0.1,0
CUST-1172,32,6,241.16,2,0,19.6,0
CUST-1173,11,24,1244.5,2,0,0.0,0
CUST-1174,46,28,1448.53,0,0,0.1,0
CUST-1175,8,10,649.88,1,0,0.7,0
CUST-1176,52,18,675.73,2,0,0.5,0
CUST-1177,22,3,128.7,2,0,13.2,0
CUST-1178,124,10,918.82,2,0,3.0,0
CUST-1179,6,16,564.39,1,0,0.3,0
CUST-1180,18,23,1787.79,4,0,0.1,0
CUST-1181,5,12,642.83,4,0,1.4,0
CUST-1182,116,23,1076.35,0,0,0.8,0
CUST-1183,94,14,2404.37,1,0,2.2,0
CUST-1184,13,16,433.83,0,0,3.3,0
CUST-1185,48,8,1208.8,1,0,1.4,0
CUST-1186,76,8,854.34,2,0,2.3,0
CUST-1187,36,9,396.95,3,0,10.0,0
CUST-1188,33,9,976.86,0,0,0.7,0
CUST-1189,12,11,65.64,1,0,19.5,0
CUST-1190,4,19,786.25,4,0,0.2,0
CUST-1191,102,7,249.27,2,1,44.5,0
CUST-1192,103,12,1004.25,2,0,1.2,0
CUST-1193,45,17,1694.28,4,0,0.4,0
CUST-1194,18,9,746.05,1,0,0.6,0
CUST-1195,19,5,359.35,2,0,9.6,0
CUST-1196,58,13,1464.42,2,0,0.4,0
CUST-1197,102,21,2177.3,3,0,0.7,0
CUST-1198,98,19,824.7,0,0,1.3,0
CUST-1199,68,14,653.05,1,0,1.3,0
CUST-1200,46,22,2207.33,1,0,0.1,0
CUST-1201,3,10,646.01,2,0,0.7,0
CUST-1202,7,11,740.6,0,0,0.4,0
CUST-1203,102,6,436.14,2,0,12.1,0
CUST-1204,41,8,140.91,2,0,24.5,0
CUST-1205,1,14,589.73,1,0,0.5,0
CUST-1206,4,27,2373.53,2,0,0.0,0
CUST-1207,49,14,586.47,2,0,0.7,0
CUST-1208,1,7,401.95,1,0,8.8,0
CUST-1209,7,2,175.16,2,0,8.8,0
CUST-1210,35,17,1975.7,1,0,0.1,0
CUST-1211,52,16,1985.5,2,0,0.1,0
CUST-1212,47,30,3842.2,0,0,0.1,0
CUST-1213,11,18,1095.29,0,0,0.1,0
CUST-1214,56,10,569.96,0,0,1.9,0
CUST-1215,12,11,325.22,0,0,12.4,0
CUST-1216,17,12,1751.45,1,0,0.1,0
CUST-1217,61,14,776.97,3,0,0.5,0
CUST-1218,47,10,1440.39,1,0,0.9,0
CUST-1219,85,9,710.82,2,0,1.9,0
CUST-1220,48,24,2862.73,0,0,0.1,0
CUST-1221,37,7,443.88,1,0,5.2,0
CUST-1222,4,6,555.97,2,0,1.6,0
CUST-1223,20,19,2310.02,0,0,0.1,0
CUST-1224,13,10,482.95,2,0,3.2,0
CUST-1225,12,7,899.2,2,0,1.2,0
CUST-1226,162,8,259.7,0,0,25.8,0
CUST-1227,22,17,2876.98,1,0,0.0,0
CUST-1228,100,10,728.63,2,0,1.5,0
CUST-1229,44,23,979.02,3,0,0.1,0
CUST-1230,71,8,844.79,2,0,2.3,0
CUST-1231,31,2,162.31,1,0,13.9,0
CUST-1232,38,10,183.78,0,0,15.8,0
CUST-1233,30,4,207.49,0,0,15.8,0
CUST-1234,9,14,470.04,2,0,1.7,0
CUST-1235,57,15,534.91,1,0,1.7,0
CUST-1236,14,11,382.75,1,0,7.7,0
CUST-1237,1,14,1261.96,1,0,0.2,0
CUST-1238,46,12,1322.91,1,0,0.2,0
CUST-1239,8,14,560.28,1,0,1.5,0
CUST-1240,126,23,337.33,0,0,28.5,0
CUST-1241,138,32,288.32,3,1,71.8,1
CUST-1242,110,4,765.73,2,0,2.0,0
CUST-1243,20,3,219.99,2,0,14.9,0
CUST-1244,1,3,318.13,1,0,9.3,0
CUST-1245,118,18,1062.01,0,0,0.8,0
CUST-1246,25,14,169.63,2,0,9.6,0
CUST-1247,153,7,595.13,2,1,66.5,1
CUST-1248,149,17,2708.17,2,0,2.5,0
CUST-1249,86,12,529.65,3,0,4.2,0
CUST-1250,15,7,76.52,3,1,52.5,1
CUST-1251,21,11,323.89,1,1,13.9,0
CUST-1252,85,6,653.92,0,0,1.3,0
CUST-1253,17,5,403.95,0,0,6.3,0
CUST-1254,8,11,1416.34,4,0,2.4,0
CUST-1255,36,7,469.18,2,0,4.4,0
CUST-1256,123,31,3059.54,2,0,0.3,0
CUST-1257,53,9,458.17,2,0,7.2,0
CUST-1258,37,12,373.38,1,0,16.6,0
CUST-1259,4,25,2471.32,0,0,0.1,0
CUST-1260,42,9,990.04,4,0,5.3,0
CUST-1261,207,24,1075.71,3,0,0.7,0
CUST-1262,6,19,2874.9,4,0,0.1,0
CUST-1263,32,14,2151.35,2,0,0.2,0
CUST-1264,94,3,104.84,2,1,39.2,0
CUST-1265,60,28,1010.06,1,0,0.1,0
CUST-1266,53,13,484.25,2,0,3.2,0
CUST-1267,54,19,1171.03,1,0,0.4,0
CUST-1268,20,3,157.43,4,1,32.4,0
CUST-1269,15,15,394.89,2,0,5.5,0
CUST-1270,74,13,493.88,4,0,7.1,0
CUST-1271,74,11,135.76,1,0,23.9,0
CUST-1272,90,15,214.91,1,0,13.0,0
CUST-1273,110,2,45.28,0,0,23.2,0
CUST-1274,32,11,2040.96,0,0,0.4,0
CUST-1275,31,1,173.06,0,0,14.3,0
CUST-1276,72,8,817.38,3,0,1.9,0
CUST-1277,47,17,767.19,2,0,0.2,0
CUST-1278,54,15,335.3,2,1,32.2,0
CUST-1279,71,7,463.16,2,0,6.4,0
CUST-1280,99,11,950.44,0,0,1.5,0
CUST-1281,18,15,607.12,0,0,0.4,0
CUST-1282,21,13,1088.07,1,0,0.1,0
CUST-1283,4,14,409.42,1,0,6.0,0
CUST-1284,38,7,320.19,2,0,16.7,0
CUST-1285,1,15,850.18,1,0,0.2,0
CUST-1286,28,12,2111.3,1,0,0.1,0
CUST-1287,35,9,338.52,0,1,17.0,0
CUST-1288,15,4,344.61,3,1,8.1,0
CUST-1289,40,25,844.35,2,0,0.2,0
CUST-1290,1,5,152.95,3,1,21.5,0
CUST-1291,1,10,403.54,2,1,8.2,0
CUST-1292,77,6,405.5,1,0,10.7,0
CUST-1293,20,17,2761.83,1,0,0.0,0
CUST-1294,6,16,711.69,3,0,0.2,0
CUST-1295,33,5,552.44,3,0,5.1,0
CUST-1296,66,6,1085.05,0,0,0.9,0
CUST-1297,10,19,1476.44,2,0,0.0,0
CUST-1298,43,13,1587.22,2,0,0.1,0
CUST-1299,4,9,349.91,0,0,13.4,0
CUST-1300,2,10,848.0,2,0,0.6,0
CUST-1301,34,11,1075.28,3,0,0.7,0
CUST-1302,35,8,203.24,1,0,17.4,0
CUST-1303,45,10,362.94,2,1,24.0,0
CUST-1304,58,13,716.61,3,0,0.4,0
CUST-1305,167,24,986.77,2,0,2.7,0
CUST-1306,32,24,1421.86,1,0,0.1,0
CUST-1307,17,6,136.41,1,0,14.6,0
CUST-1308,71,13,2221.49,2,0,0.7,0
CUST-1309,14,20,2340.69,3,0,0.0,0
CUST-1310,26,13,4412.8,1,0,0.1,0
CUST-1311,3,21,581.16,2,0,0.3,0
CUST-1312,1,9,780.92,2,0,0.7,0
CUST-1313,147,10,413.75,2,0,59.9,1
CUST-1314,81,8,243.7,3,0,18.1,0
CUST-1315,53,7,792.9,2,0,1.8,0
CUST-1316,23,7,482.56,2,0,4.0,0
CUST-1317,8,4,211.08,1,1,14.8,0
CUST-1318,7,18,1423.96,0,0,0.1,0
CUST-1319,12,6,224.22,0,0,15.3,0
CUST-1320,35,11,401.7,1,0,8.8,0
CUST-1321,56,11,466.21,5,1,39.9,0
CUST-1322,48,17,2147.66,3,0,0.1,0
CUST-1323,14,16,1928.18,4,0,0.1,0
CUST-1324,139,3,80.23,1,0,41.7,0
CUST-1325,60,7,1167.18,1,0,1.0,0
CUST-1326,36,7,457.72,2,0,5.0,0
CUST-1327,42,13,1116.97,0,0,0.1,0
CUST-1328,24,27,1119.55,1,0,0.0,0
CUST-1329,12,7,472.72,1,0,3.8,0
CUST-1330,19,5,151.66,1,0,13.9,0
CUST-1331,63,7,276.89,1,1,29.5,0
CUST-1332,1,26,2805.79,2,0,0.0,0
CUST-1333,5,20,2187.47,3,0,0.0,0
CUST-1334,2,9,794.48,0,0,0.5,0
CUST-1335,1,13,658.06,1,0,0.4,0
CUST-1336,87,13,343.3,2,0,22.6,0
CUST-1337,54,10,1350.67,1,0,0.9,0
CUST-1338,28,5,570.29,2,0,2.8,0
CUST-1339,4,7,113.78,1,0,25.0,0
CUST-1340,30,15,1656.97,3,0,0.1,0
CUST-1341,28,16,844.01,3,0,0.2,0
CUST-1342,8,8,797.26,2,0,1.7,0
CUST-1343,25,12,275.53,0,0,10.5,0
CUST-1344,22,20,858.63,1,0,0.2,0
CUST-1345,43,22,1553.21,3,0,0.1,0
CUST-1346,45,11,1880.16,1,0,0.6,0
CUST-1347,2,9,636.41,1,0,0.7,0
CUST-1348,21,8,987.49,1,0,1.2,0
CUST-1349,44,33,2527.73,2,0,0.1,0
CUST-1350,31,13,974.38,2,0,0.1,0
CUST-1351,87,11,1002.15,3,0,2.1,0
CUST-1352,48,10,643.1,1,0,1.3,0
CUST-1353,8,15,1596.23,2,0,0.1,0
CUST-1354,3,8,255.44,1,0,11.4,0
CUST-1355,46,16,1033.35,2,0,0.1,0
CUST-1356,1,7,1254.06,2,0,1.1,0
CUST-1357,39,5,631.88,2,0,2.7,0
CUST-1358,126,11,887.14,0,0,2.3,0
CUST-1359,38,19,2213.96,1,0,0.1,0
CUST-1360,22,4,611.22,0,0,1.5,0
CUST-1361,46,3,43.55,1,0,27.5,0
CUST-1362,27,9,503.91,3,0,3.4,0
CUST-1363,35,11,471.15,2,0,2.8,0
CUST-1364,127,3,72.72,1,1,63.6,1
CUST-1365,21,8,1549.27,2,0,1.7,0
CUST-1366,146,21,1967.11,2,0,2.8,0
CUST-1367,106,5,570.89,2,0,6.1,0
CUST-1368,9,13,573.12,0,0,0.4,0
CUST-1369,3,8,441.85,1,0,6.6,0
CUST-1370,4,22,1462.08,1,0,0.0,0
CUST-1371,1,4,337.23,1,0,9.4,0
CUST-1372,4,21,2186.81,1,0,0.0,0
CUST-1373,51,5,86.21,0,0,33.5,0
CUST-1374,3,11,1103.41,0,0,0.3,0
CUST-1375,17,14,806.02,1,0,0.3,0
CUST-1376,83,18,2811.81,1,0,0.8,0
CUST-1377,1,19,2633.25,0,0,0.1,0
CUST-1378,75,7,554.99,3,0,5.5,0
CUST-1379,14,7,475.92,2,0,3.9,0
CUST-1380,5,12,657.94,2,0,0.3,0
CUST-1381,53,28,2368.71,1,0,0.1,0
CUST-1382,44,5,672.23,0,0,1.5,0
CUST-1383,94,9,620.51,2,0,2.8,0
CUST-1384,59,34,1578.34,0,0,0.1,0
CUST-1385,73,12,816.1,1,0,1.0,0
CUST-1386,14,11,881.78,1,0,0.3,0
CUST-1387,8,6,182.54,2,0,14.0,0
CUST-1388,62,9,225.4,1,0,19.1,0
CUST-1389,73,24,1133.4,0,0,0.5,0
CUST-1390,209,9,1404.25,2,0,1.3,0
CUST-1391,23,15,1952.35,0,0,0.1,0
CUST-1392,20,6,125.35,2,0,16.2,0
CUST-1393,67,6,212.32,2,0,26.9,0
CUST-1394,18,2,206.21,0,0,10.2,0
CUST-1395,120,11,562.73,2,0,22.0,0
CUST-1396,87,8,698.43,1,0,1.8,0
CUST-1397,25,16,349.28,1,0,12.3,0
CUST-1398,62,8,537.32,0,0,4.3,0
CUST-1399,63,10,629.47,4,1,27.1,0
CUST-1400,4,29,3320.38,2,0,0.0,0
CUST-1401,104,9,758.86,3,0,1.5,0
CUST-1402,31,11,799.44,2,0,0.6,0
CUST-1403,78,5,90.56,3,0,34.5,0
CUST-1404,17,1,182.41,2,0,9.8,0
CUST-1405,101,12,1185.94,0,0,1.3,0
CUST-1406,22,17,707.88,2,0,0.2,0
CUST-1407,1,6,429.38,1,0,5.9,0
CUST-1408,106,10,521.73,1,0,10.9,0
CUST-1409,4,4,234.46,3,0,11.8,0
CUST-1410,17,16,2064.08,0,0,0.1,0
CUST-1411,134,22,775.92,3,0,1.8,0
CUST-1412,135,15,1518.49,2,0,2.0,0
CUST-1413,38,8,1056.93,1,0,1.5,0
CUST-1414,44,24,2212.24,2,0,0.1,0
CUST-1415,26,7,423.36,2,0,13.3,0
CUST-1416,15,25,991.06,2,0,0.0,0
CUST-1417,17,13,564.69,0,0,0.4,0
CUST-1418,50,5,362.32,1,0,17.9,0
CUST-1419,62,6,413.14,0,0,16.1,0
CUST-1420,70,7,760.19,1,0,1.2,0
CUST-1421,70,10,230.51,3,1,27.8,0
CUST-1422,4,10,1280.84,1,0,0.4,0
CUST-1423,30,18,4497.59,3,0,0.1,0
CUST-1424,2,9,576.88,0,0,1.0,0
CUST-1425,35,1,58.08,1,1,37.1,0
CUST-1426,26,8,492.8,1,0,5.0,0
CUST-1427,98,30,2128.37,4,0,1.7,0
CUST-1428,19,7,386.63,4,0,13.8,0
CUST-1429,5,24,354.36,1,0,12.7,0
CUST-1430,6,18,1093.55,1,0,0.0,0
CUST-1431,64,10,735.61,3,0,2.0,0
CUST-1432,43,17,2311.83,1,0,0.1,0
CUST-1433,4,19,664.07,1,0,0.3,0
CUST-1434,3,2,333.82,2,0,6.5,0
CUST-1435,54,4,211.37,1,0,23.5,0
CUST-1436,3,12,454.85,2,0,2.3,0
CUST-1437,77,4,395.37,0,0,8.5,0
CUST-1438,55,22,1078.0,1,0,0.1,0
CUST-1439,3,4,259.45,1,0,9.3,0
CUST-1440,3,19,1284.65,0,0,0.1,0
CUST-1441,194,5,477.85,1,1,45.8,0
CUST-1442,21,31,1974.0,1,0,0.0,0
CUST-1443,20,8,475.3,0,0,4.9,0
CUST-1444,75,13,675.54,3,0,1.2,0
CUST-1445,132,9,810.33,2,0,3.7,0
CUST-1446,192,12,568.21,2,0,32.7,0
CUST-1447,62,12,1662.8,2,0,0.3,0
CUST-1448,21,11,748.83,1,0,0.5,0
CUST-1449,3,5,94.49,2,0,15.3,0
CUST-1450,67,15,1201.91,2,0,1.0,0
CUST-1451,36,20,1760.73,3,0,0.1,0
CUST-1452,24,2,278.91,1,0,8.3,0
CUST-1453,106,12,490.28,3,0,8.4,0
CUST-1454,5,11,405.88,1,0,7.5,0
CUST-1455,30,16,1558.85,2,0,0.1,0
CUST-1456,1,22,2785.33,1,0,0.0,0
CUST-1457,28,20,795.35,0,0,0.2,0
CUST-1458,2,14,1097.74,2,0,0.2,0
CUST-1459,5,8,514.85,2,1,21.8,0
CUST-1460,5,2,81.44,0,0,10.1,0
CUST-1461,47,23,1426.97,3,0,0.1,0
CUST-1462,61,34,4131.33,0,0,0.1,0
CUST-1463,39,11,750.78,0,0,0.5,0
CUST-1464,147,3,180.07,2,1,58.8,1
CUST-1465,21,20,1889.43,4,0,0.1,0
CUST-1466,15,19,2428.59,1,0,0.0,0
CUST-1467,91,12,414.32,3,1,36.1,0
CUST-1468,11,7,562.42,3,0,2.4,0
CUST-1469,148,3,159.18,2,0,48.4,0
CUST-1470,1,7,479.07,1,0,4.0,0
CUST-1471,157,3,296.47,3,1,73.2,1
CUST-1472,1,6,334.57,4,0,19.9,0
CUST-1473,99,12,760.55,2,0,1.6,0
CUST-1474,33,18,2085.68,2,0,0.1,0
CUST-1475,223,10,867.85,3,0,1.9,0
CUST-1476,3,9,562.47,0,0,1.0,0
CUST-1477,36,13,942.92,1,0,0.1,0
CUST-1478,156,6,416.14,1,1,68.2,1
CUST-1479,33,8,142.5,1,0,19.0,0
CUST-1480,44,12,879.31,2,0,0.1,0
CUST-1481,53,3,81.27,4,1,51.3,1
CUST-1482,27,18,2264.23,2,0,0.1,0
CUST-1483,44,16,426.11,2,0,5.4,0
CUST-1484,39,3,154.18,0,0,18.1,0
CUST-1485,104,12,543.84,4,0,7.7,0
CUST-1486,2,2,304.89,2,0,6.1,0
CUST-1487,14,17,2088.0,1,0,0.0,0
CUST-1488,135,3,30.75,0,1,57.6,1
CUST-1489,99,17,1125.0,2,0,0.7,0
CUST-1490,27,3,91.74,4,0,29.6,0
CUST-1491,43,5,367.21,0,0,11.9,0
CUST-1492,14,6,585.14,0,0,1.6,0
CUST-1493,9,21,1620.83,2,0,0.0,0
CUST-1494,28,21,2120.11,0,0,0.1,0
CUST-1495,19,23,1304.41,1,0,0.0,0
CUST-1496,39,19,1494.38,2,0,0.1,0
CUST-1497,3,15,1483.41,1,0,0.1,0
CUST-1498,164,8,401.18,1,0,50.0,1
CUST-1499,192,17,638.04,0,0,15.3,0
CUST-1500,53,10,437.05,0,0,17.6,0
CUST-1501,34,10,619.78,0,0,1.4,0
CUST-1502,16,14,941.95,0,0,0.2,0
CUST-1503,75,9,732.23,2,0,1.7,0
CUST-1504,51,24,981.06,5,0,0.2,0
CUST-1505,7,5,502.74,2,0,3.1,0
CUST-1506,108,17,2923.52,1,0,2.8,0
CUST-1507,77,20,910.83,4,0,1.8,0
CUST-1508,134,6,1351.59,0,0,6.8,0
CUST-1509,58,1,184.86,1,0,18.5,0
CUST-1510,42,18,1208.75,0,0,0.1,0
CUST-1511,24,6,365.03,2,0,10.9,0
CUST-1512,121,12,519.51,0,0,10.5,0
CUST-1513,90,26,2836.37,0,0,0.8,0
CUST-1514,2,8,559.36,4,0,9.0,0
CUST-1515,1,3,223.26,3,0,14.9,0
CUST-1516,21,14,533.1,2,0,1.0,0
CUST-1517,74,31,3436.55,3,0,0.4,0
CUST-1518,196,4,231.47,1,0,37.1,0
CUST-1519,7,36,1159.68,1,0,0.0,0
CUST-1520,40,11,703.55,0,0,0.6,0
CUST-1521,21,10,397.7,0,0,8.9,0
CUST-1522,157,11,1535.25,1,0,7.8,0
CUST-1523,83,17,3119.84,1,0,0.8,0
CUST-1524,81,18,1171.46,0,0,0.8,0
CUST-1525,28,9,1088.11,1,0,0.7,0
CUST-1526,24,16,1907.4,2,0,0.0,0
CUST-1527,14,9,37.53,0,0,19.0,0
CUST-1528,2,12,525.0,2,0,1.3,0
CUST-1529,90,10,717.83,1,0,1.6,0
CUST-1530,75,14,713.77,2,0,1.9,0
CUST-1531,365,15,622.72,1,1,62.2,1
CUST-1532,256,12,1484.79,2,0,2.3,0
CUST-1533,36,13,646.18,0,0,0.4,0
CUST-1534,65,13,1059.31,1,0,0.8,0
CUST-1535,130,10,1176.77,1,0,2.7,0
CUST-1536,85,11,1585.97,4,0,7.1,0
CUST-1537,12,8,258.62,1,0,10.9,0
CUST-1538,26,9,308.97,2,1,16.1,0
CUST-1539,6,12,914.79,1,0,0.1,0
CUST-1540,138,12,175.11,1,1,66.6,1
CUST-1541,41,6,212.99,1,0,22.3,0
CUST-1542,11,14,1839.65,3,0,0.2,0
CUST-1543,50,5,480.56,1,0,4.1,0
CUST-1544,43,18,1115.59,1,0,0.1,0
CUST-1545,19,34,2991.37,0,0,0.1,0
CUST-1546,5,6,599.56,1,0,1.6,0
CUST-1547,50,3,74.4,1,1,42.8,0
CUST-1548,33,5,245.7,2,0,14.5,0
CUST-1549,66,7,989.82,2,0,1.2,0
CUST-1550,33,3,231.1,1,0,17.8,0
CUST-1551,86,7,558.21,3,0,3.1,0
CUST-1552,36,11,717.03,0,0,0.5,0
CUST-1553,37,13,232.85,0,0,9.4,0
CUST-1554,94,11,495.67,1,0,5.4,0
CUST-1555,23,8,679.51,3,0,5.8,0
CUST-1556,6,6,299.32,1,0,9.7,0
CUST-1557,1,19,629.8,4,0,2.2,0
CUST-1558,63,12,434.99,0,0,8.3,0
CUST-1559,43,5,715.14,1,0,1.4,0
CUST-1560,54,5,240.86,2,1,27.6,0
CUST-1561,10,5,636.52,0,0,1.2,0
CUST-1562,6,21,1679.2,0,0,0.1,0
CUST-1563,1,6,346.03,0,0,9.6,0
CUST-1564,19,6,241.28,0,1,18.5,0
CUST-1565,40,14,1366.34,0,0,0.2,0
CUST-1566,22,24,2847.75,1,0,0.0,0
CUST-1567,25,7,720.9,2,0,1.3,0
CUST-1568,105,29,775.6,3,0,1.2,0
CUST-1569,19,14,673.21,3,0,0.4,0
CUST-1570,32,12,622.32,3,0,1.6,0
CUST-1571,68,12,181.84,2,0,18.7,0
CUST-1572,22,24,2099.34,1,0,0.0,0
CUST-1573,43,6,568.53,2,0,2.6,0
CUST-1574,89,14,1300.23,1,0,2.4,0
CUST-1575,134,9,758.03,1,0,1.9,0
CUST-1576,7,15,820.49,1,0,0.2,0
CUST-1577,117,18,704.96,2,0,1.1,0
CUST-1578,30,8,436.62,1,1,21.3,0
CUST-1579,13,18,1446.13,0,0,0.1,0
CUST-1580,27,8,1071.57,0,0,1.4,0
CUST-1581,176,10,699.02,2,0,3.5,0
CUST-1582,30,26,1780.53,0,0,0.1,0
CUST-1583,17,23,374.84,1,0,14.2,0
CUST-1584,45,19,1586.1,1,0,0.1,0
CUST-1585,12,14,1951.55,2,0,0.2,0
CUST-1586,3,7,435.97,3,0,7.9,0
CUST-1587,6,26,1545.19,1,0,0.0,0
CUST-1588,6,8,419.86,1,0,13.3,0
CUST-1589,7,27,2686.32,0,0,0.1,0
CUST-1590,6,14,219.51,4,0,10.4,0
CUST-1591,46,6,764.25,0,0,1.3,0
CUST-1592,9,21,1214.31,2,0,0.0,0
CUST-1593,19,9,759.3,0,0,0.6,0
CUST-1594,102,7,727.72,0,0,1.9,0
CUST-1595,28,14,503.24,4,0,2.0,0
CUST-1596,49,11,724.42,4,0,4.4,0
CUST-1597,8,4,228.2,4,0,18.0,0
CUST-1598,9,23,695.9,1,0,0.2,0
CUST-1599,1,11,1299.4,3,0,0.6,0
CUST-1600,8,16,867.28,3,0,1.2,0
CUST-1601,14,4,117.52,0,0,11.6,0
CUST-1602,8,6,409.81,0,0,7.2,0
CUST-1603,4,4,95.26,3,0,16.7,0
CUST-1604,5,16,798.37,1,0,0.2,0
CUST-1605,27,16,1270.42,4,0,0.1,0
CUST-1606,10,15,329.93,2,0,10.6,0
CUST-1607,20,28,2684.67,0,0,0.1,0
CUST-1608,31,9,634.12,0,0,0.9,0
CUST-1609,52,10,1043.0,1,0,0.9,0
CUST-1610,1,2,207.28,1,0,10.0,0
CUST-1611,72,19,927.15,1,0,0.6,0
CUST-1612,44,25,1241.54,1,0,0.1,0
CUST-1613,3,14,1232.22,0,0,0.2,0
CUST-1614,93,16,514.9,1,0,4.7,0
CUST-1615,114,12,387.96,1,1,45.7,0
CUST-1616,2,22,979.53,2,0,0.0,0
CUST-1617,14,11,279.27,0,0,10.1,0
CUST-1618,73,11,320.56,3,0,22.6,0
CUST-1619,62,16,477.38,3,0,3.0,0
CUST-1620,9,10,543.29,0,0,2.8,0
CUST-1621,10,10,527.7,2,0,3.0,0
CUST-1622,20,6,680.1,5,1,38.8,0
CUST-1623,29,15,824.1,2,0,0.2,0
CUST-1624,43,12,754.2,0,0,0.2,0
CUST-1625,20,2,330.39,3,0,9.5,0
CUST-1626,27,13,137.7,0,0,12.2,0
CUST-1627,61,8,599.73,1,0,2.4,0
CUST-1628,1,7,405.15,2,0,8.6,0
CUST-1629,13,11,874.21,0,0,0.3,0
CUST-1630,56,13,602.64,1,0,0.9,0
CUST-1631,101,13,711.37,2,0,1.5,0
CUST-1632,32,6,782.82,1,0,1.5,0
CUST-1633,34,7,611.22,0,0,1.8,0
CUST-1634,5,3,169.34,1,0,10.0,0
CUST-1635,26,22,875.42,3,0,1.0,0
CUST-1636,34,26,834.6,3,0,0.2,0
CUST-1637,12,12,579.1,0,0,0.4,0
CUST-1638,14,19,1132.39,5,0,0.1,0
CUST-1639,21,17,2802.43,4,0,0.1,0
CUST-1640,1,6,430.59,2,0,5.7,0
CUST-1641,17,5,214.83,0,1,16.1,0
CUST-1642,10,7,74.46,1,1,47.5,0
CUST-1643,17,7,273.28,0,0,19.5,0
CUST-1644,5,21,1014.3,1,0,0.0,0
CUST-1645,99,6,455.6,1,0,5.1,0
CUST-1646,40,7,346.05,3,0,19.0,0
CUST-1647,51,10,1691.57,1,0,0.9,0
CUST-1648,70,13,741.91,0,0,1.0,0
CUST-1649,31,14,1617.42,1,0,0.2,0
CUST-1650,4,32,659.87,2,0,0.3,0
CUST-1651,34,11,700.99,0,0,0.5,0
CUST-1652,39,28,1100.8,2,0,0.1,0
CUST-1653,61,5,586.69,0,0,1.6,0
CUST-1654,25,10,515.18,1,0,5.1,0
CUST-1655,6,7,927.68,1,0,1.0,0
CUST-1656,15,18,1712.59,3,0,0.0,0
CUST-1657,20,5,236.59,1,0,15.4,0
CUST-1658,46,9,285.19,1,0,15.8,0
CUST-1659,38,10,409.06,2,0,10.4,0
CUST-1660,19,3,164.28,4,0,20.2,0
CUST-1661,193,31,2938.59,2,0,1.7,0
CUST-1662,41,17,1105.85,1,0,0.1,0
CUST-1663,12,20,2093.4,1,0,0.0,0
CUST-1664,4,6,829.83,0,0,1.0,0
CUST-1665,7,15,1007.28,2,0,0.1,0
CUST-1666,12,21,716.26,2,0,0.2,0
CUST-1667,7,3,244.89,2,0,10.2,0
CUST-1668,9,9,1616.1,1,0,0.5,0
CUST-1669,15,18,1944.53,2,0,0.0,0
CUST-1670,8,12,936.59,2,0,0.1,0
CUST-1671,102,8,297.11,2,0,29.5,0
CUST-1672,3,27,1574.68,1,0,0.0,0
CUST-1673,33,10,216.3,3,0,17.2,0
CUST-1674,23,8,243.13,3,0,12.0,0
CUST-1675,181,9,743.5,1,0,2.6,0
CUST-1676,5,10,181.98,3,0,12.8,0
CUST-1677,22,5,265.4,2,0,11.5,0
CUST-1678,157,17,478.03,4,0,24.0,0
CUST-1679,90,8,251.51,2,0,17.4,0
CUST-1680,76,15,1018.36,3,0,2.9,0
CUST-1681,13,19,777.91,1,0,0.2,0
CUST-1682,8,10,243.05,3,0,11.2,0
CUST-1683,49,17,786.36,1,0,0.2,0
CUST-1684,119,11,260.62,3,1,58.5,1
CUST-1685,36,12,1535.47,0,0,0.1,0
CUST-1686,38,12,1173.42,0,0,0.1,0
CUST-1687,14,9,877.84,1,0,0.5,0
CUST-1688,66,39,1497.61,2,0,0.4,0
CUST-1689,9,4,336.77,1,0,7.9,0
CUST-1690,17,15,1107.59,0,0,0.1,0
CUST-1691,24,23,927.72,2,0,0.0,0
CUST-1692,31,10,625.89,0,0,1.4,0
CUST-1693,12,8,166.9,3,0,15.0,0
CUST-1694,5,12,387.21,2,0,8.0,0
CUST-1695,42,14,861.59,2,0,1.3,0
CUST-1696,15,9,431.71,1,0,5.9,0
CUST-1697,39,5,399.7,0,0,8.0,0
CUST-1698,7,30,1231.43,0,0,0.1,0
CUST-1699,29,10,524.85,1,0,3.0,0
CUST-1700,34,8,517.54,2,0,6.8,0
CUST-1701,2,12,465.98,4,0,3.6,0
CUST-1702,18,12,623.09,3,0,1.5,0
CUST-1703,6,5,367.68,3,0,9.7,0
CUST-1704,2,6,889.33,2,0,1.0,0
CUST-1705,207,9,350.86,1,1,46.3,0
CUST-1706,17,23,1106.63,0,0,0.1,0
CUST-1707,74,19,2041.08,2,0,0.4,0
CUST-1708,13,4,490.07,0,0,2.7,0
CUST-1709,51,27,2398.6,4,0,0.3,0
CUST-1710,64,14,1690.67,2,0,0.8,0
CUST-1711,40,13,488.06,0,0,2.0,0
CUST-1712,28,25,2858.79,0,0,0.1,0
CUST-1713,23,16,1596.05,1,0,0.0,0
CUST-1714,19,7,218.03,1,0,27.8,0
CUST-1715,119,7,370.76,2,1,67.0,1
CUST-1716,79,11,141.46,0,0,23.4,0
CUST-1717,150,12,844.6,0,0,5.8,0
CUST-1718,5,12,1358.22,1,0,0.1,0
CUST-1719,59,7,325.9,2,0,20.5,0
CUST-1720,125,9,303.12,1,0,35.5,0
CUST-1721,8,9,288.94,3,0,10.8,0
CUST-1722,3,18,1154.02,1,0,0.0,0
CUST-1723,60,10,883.83,1,0,0.9,0
CUST-1724,38,48,7198.16,3,0,0.1,0
CUST-1725,82,8,95.7,2,0,31.2,0
CUST-1726,6,13,1818.02,2,0,0.1,0
CUST-1727,71,5,363.18,1,0,15.7,0
CUST-1728,10,6,661.1,3,0,2.0,0
CUST-1729,8,8,771.64,2,0,1.7,0
CUST-1730,8,13,864.51,2,0,1.2,0
CUST-1731,75,5,324.98,2,0,14.6,0
CUST-1732,49,14,1137.75,1,0,0.3,0
CUST-1733,33,5,277.58,2,0,14.6,0
CUST-1734,20,9,524.58,1,0,3.0,0
CUST-1735,94,3,272.61,0,0,26.5,0
CUST-1736,22,26,1011.19,2,0,0.0,0
CUST-1737,76,6,696.35,1,0,2.2,0
CUST-1738,26,10,1107.02,4,0,5.3,0
CUST-1739,21,8,386.17,2,0,10.4,0
CUST-1740,27,23,2101.83,1,0,0.1,0
CUST-1741,16,11,933.13,0,0,0.3,0
CUST-1742,61,18,812.59,0,0,0.3,0
CUST-1743,31,10,952.32,2,0,0.7,0
CUST-1744,11,8,1163.97,1,0,1.2,0
CUST-1745,103,14,1655.86,1,0,2.2,0
CUST-1746,21,8,192.83,2,0,13.8,0
CUST-1747,35,5,432.64,0,0,5.4,0
CUST-1748,106,5,538.89,4,1,13.9,0
CUST-1749,44,11,476.08,1,0,3.3,0
CUST-1750,5,20,2321.4,0,0,0.1,0
CUST-1751,126,15,602.29,2,1,14.2,0
CUST-1752,44,6,330.99,0,0,12.2,0
CUST-1753,18,12,494.16,0,0,1.8,0
CUST-1754,6,10,368.73,0,1,20.1,0
CUST-1755,71,4,324.77,0,0,11.2,0
CUST-1756,43,20,514.17,4,0,7.0,0
CUST-1757,34,18,1027.27,2,0,0.1,0
CUST-1758,100,13,1055.82,4,0,2.6,0
CUST-1759,69,8,332.46,1,0,17.4,0
CUST-1760,7,19,2418.24,2,0,0.0,0
CUST-1761,16,5,299.43,1,0,8.9,0
CUST-1762,12,19,3008.29,0,0,0.1,0
CUST-1763,61,5,118.21,1,1,30.8,0
CUST-1764,1,9,747.6,2,0,0.7,0
CUST-1765,37,22,1621.34,2,0,0.1,0
CUST-1766,64,25,1287.27,2,0,0.4,0
CUST-1767,94,10,667.4,1,0,1.6,0
CUST-1768,18,13,1172.89,1,0,0.1,0
CUST-1769,77,13,1300.32,2,0,1.5,0
CUST-1770,5,3,183.27,0,1,9.8,0
CUST-1771,84,23,1924.77,0,0,0.8,0
CUST-1772,6,15,581.52,1,0,0.3,0
CUST-1773,22,27,2730.25,2,0,0.0,0
CUST-1774,71,17,2399.82,3,0,0.4,0
CUST-1775,7,4,422.02,2,0,8.4,0
CUST-1776,11,10,412.37,1,0,8.7,0
CUST-1777,57,15,521.36,2,0,1.8,0
CUST-1778,57,8,1704.84,1,0,1.4,0
CUST-1779,46,17,2312.0,3,0,0.1,0
CUST-1780,53,14,1403.23,1,0,0.4,0
CUST-1781,35,12,1756.07,0,0,0.1,0
CUST-1782,13,8,523.51,1,0,4.9,0
CUST-1783,19,15,1487.89,0,0,0.1,0
CUST-1784,9,7,885.71,3,0,2.0,0
CUST-1785,107,10,554.99,1,1,25.0,0
CUST-1786,39,4,345.97,2,0,11.2,0
CUST-1787,23,5,593.9,1,0,1.6,0
CUST-1788,27,14,463.72,4,0,3.2,0
CUST-1789,132,12,625.36,0,0,5.8,0
CUST-1790,7,16,1876.72,0,0,0.1,0
CUST-1791,39,19,1422.69,2,0,0.1,0
CUST-1792,31,18,1244.4,1,0,0.1,0
CUST-1793,42,8,514.67,2,1,24.5,0
CUST-1794,1,16,1985.94,1,0,0.0,0
CUST-1795,92,8,284.66,1,0,17.1,0
CUST-1796,121,4,199.7,0,1,41.4,0
CUST-1797,37,7,178.85,2,1,34.7,0
CUST-1798,53,27,1469.98,1,0,0.1,0
CUST-1799,115,1,72.73,0,0,28.5,0
CUST-1800,55,2,32.66,2,0,25.8,0
CUST-1801,7,13,509.15,2,0,2.7,0
CUST-1802,38,20,1496.23,1,0,0.1,0
CUST-1803,41,13,1114.22,1,0,0.1,0
CUST-1804,24,9,1481.88,2,0,0.8,0
CUST-1805,60,14,1303.53,1,0,0.5,0
CUST-1806,122,18,1073.88,1,0,0.5,0
CUST-1807,116,10,715.83,2,0,2.9,0
CUST-1808,26,3,219.12,0,0,15.0,0
CUST-1809,5,8,399.8,3,0,10.0,0
CUST-1810,188,19,1457.2,2,0,0.7,0
CUST-1811,82,9,436.12,1,0,11.4,0
CUST-1812,5,27,2131.35,3,0,0.0,0
CUST-1813,114,8,514.35,5,0,24.3,0
CUST-1814,91,3,174.14,1,0,28.1,0
CUST-1815,32,14,826.99,1,0,0.3,0
CUST-1816,40,4,407.67,2,0,8.4,0
CUST-1817,22,7,675.21,2,0,1.4,0
CUST-1818,2,6,337.38,0,1,11.9,0
CUST-1819,18,3,299.12,0,0,9.5,0
CUST-1820,73,8,508.32,4,0,15.0,0
CUST-1821,1,12,769.58,1,0,0.2,0
CUST-1822,18,23,1150.06,0,0,0.1,0
CUST-1823,22,24,3723.29,0,0,0.1,0
CUST-1824,34,6,876.95,2,0,1.6,0
CUST-1825,113,2,86.95,2,1,38.5,0
CUST-1826,19,9,487.81,3,0,3.1,0
CUST-1827,19,9,742.33,1,0,0.6,0
CUST-1828,60,5,456.49,2,0,5.0,0
CUST-1829,27,12,403.1,2,0,8.3,0
CUST-1830,11,14,524.95,2,0,1.0,0
CUST-1831,27,6,29.26,0,0,22.6,0
CUST-1832,6,2,182.92,1,0,8.1,0
CUST-1833,8,3,71.86,2,0,29.7,0
CUST-1834,31,3,131.15,0,0,15.9,0
CUST-1835,24,16,1732.96,0,0,0.1,0
CUST-1836,110,32,3376.58,3,0,2.6,0
CUST-1837,20,6,902.66,2,0,1.4,0
CUST-1838,39,5,892.04,2,0,1.5,0
CUST-1839,45,10,2612.06,1,0,0.8,0
CUST-1840,1,18,958.08,1,0,0.0,0
CUST-1841,49,4,182.46,0,0,23.0,0
CUST-1842,8,15,1264.81,3,0,0.1,0
CUST-1843,146,11,285.91,1,0,45.7,0
CUST-1844,7,21,1205.13,0,0,0.1,0
CUST-1845,24,6,435.7,3,0,7.3,0
CUST-1846,4,2,176.02,1,0,7.8,0
CUST-1847,259,11,1028.39,2,0,2.2,0
CUST-1848,31,10,563.08,1,0,1.4,0
CUST-1849,40,20,576.65,0,0,0.4,0
CUST-1850,3,18,599.08,2,0,0.3,0
CUST-1851,62,13,191.85,0,0,12.2,0
CUST-1852,10,8,373.33,1,0,16.2,0
CUST-1853,102,21,536.71,1,0,3.1,0
CUST-1854,10,5,243.7,1,0,11.5,0
CUST-1855,9,11,922.17,1,0,0.3,0
CUST-1856,1,24,703.43,1,0,0.2,0
CUST-1857,28,3,210.67,0,1,19.9,0
CUST-1858,37,13,727.16,5,0,1.7,0
CUST-1859,3,8,650.42,0,0,2.5,0
CUST-1860,67,5,462.42,0,0,4.4,0
CUST-1861,27,7,376.62,3,1,26.3,0
CUST-1862,33,11,734.34,1,0,0.5,0
CUST-1863,26,7,392.5,3,0,11.9,0
CUST-1864,23,18,894.4,2,0,0.0,0
CUST-1865,36,20,846.11,2,0,0.2,0
CUST-1866,7,11,964.05,1,0,0.3,0
CUST-1867,9,22,2986.77,2,0,0.0,0
CUST-1868,89,12,1521.8,0,0,1.5,0
CUST-1869,131,4,109.6,1,1,54.1,1
CUST-1870,21,5,671.82,0,0,1.4,0
CUST-1871,14,36,1299.32,1,0,0.0,0
CUST-1872,46,9,653.69,0,0,1.3,0
CUST-1873,23,16,1284.99,1,0,0.0,0
CUST-1874,1,9,203.13,1,0,11.9,0
CUST-1875,7,18,1076.18,3,0,0.0,0
CUST-1876,56,9,1251.35,0,0,1.0,0
CUST-1877,48,8,87.35,0,1,34.5,0
CUST-1878,1,22,4888.2,2,0,0.0,0
CUST-1879,11,10,142.17,1,0,13.4,0
CUST-1880,11,20,1582.61,4,0,0.1,0
CUST-1881,50,24,561.26,0,0,1.7,0
CUST-1882,1,19,1644.01,1,0,0.0,0
CUST-1883,4,27,3339.9,2,0,0.0,0
CUST-1884,72,10,1052.58,4,0,11.1,0
CUST-1885,8,9,1035.78,3,0,0.6,0
CUST-1886,47,36,2024.16,1,0,0.1,0
CUST-1887,12,3,73.51,1,0,25.9,0
CUST-1888,4,8,1107.99,2,0,2.4,0
CUST-1889,12,7,1360.45,0,0,1.0,0
CUST-1890,57,10,704.64,1,0,1.1,0
CUST-1891,87,5,261.55,0,0,17.3,0
CUST-1892,79,11,435.82,1,0,10.1,0
CUST-1893,22,15,1521.22,0,0,0.1,0
CUST-1894,49,2,236.38,4,1,29.0,0
CUST-1895,10,8,418.59,1,0,10.2,0
CUST-1896,15,5,777.28,5,0,10.2,0
CUST-1897,101,6,579.61,1,0,2.1,0
CUST-1898,1,15,1049.74,0,0,0.1,0
CUST-1899,4,1,80.65,2,0,18.0,0
CUST-1900,10,8,271.38,1,0,10.6,0
CUST-1901,1,10,1007.55,2,0,0.5,0
CUST-1902,9,15,532.2,3,0,0.6,0
CUST-1903,39,15,721.96,2,0,0.2,0
CUST-1904,24,3,191.21,0,0,12.7,0
CUST-1905,100,5,886.82,1,0,1.4,0
CUST-1906,76,16,1229.93,2,0,2.3,0
CUST-1907,18,11,416.86,0,0,7.0,0
CUST-1908,13,24,1939.76,0,0,0.1,0
CUST-1909,21,15,1399.32,4,0,0.1,0
CUST-1910,40,15,1938.32,1,0,0.1,0
CUST-1911,14,5,328.4,2,0,8.4,0
CUST-1912,44,14,584.58,2,0,0.6,0
CUST-1913,23,6,1222.19,0,0,1.1,0
CUST-1914,36,10,809.27,2,0,0.8,0
CUST-1915,25,8,304.44,3,0,11.7,0
CUST-1916,15,13,849.26,2,0,0.2,0
CUST-1917,133,6,288.88,2,1,70.8,1
CUST-1918,64,7,935.38,0,0,1.0,0
CUST-1919,6,6,556.64,0,0,2.5,0
CUST-1920,91,25,1367.33,3,0,0.7,0
CUST-1921,30,7,827.62,1,0,2.0,0
CUST-1922,101,14,869.92,1,0,4.6,0
CUST-1923,72,9,579.71,1,0,2.6,0
CUST-1924,24,12,491.98,2,0,1.9,0
CUST-1925,1,22,897.23,3,0,0.0,0
CUST-1926,14,7,1373.08,2,0,1.2,0
CUST-1927,35,12,1381.03,1,0,0.1,0
CUST-1928,45,26,433.68,0,0,6.8,0
CUST-1929,13,21,732.89,0,0,0.2,0
CUST-1930,6,9,270.63,1,0,10.4,0
CUST-1931,81,11,760.57,2,0,2.0,0
CUST-1932,187,6,306.73,2,1,67.7,1
CUST-1933,33,25,3717.59,2,0,0.1,0
CUST-1934,8,21,1138.24,0,0,0.1,0
CUST-1935,14,26,4810.12,3,0,0.0,0
CUST-1936,1,11,696.35,2,0,0.5,0
CUST-1937,110,9,1867.68,3,0,1.9,0
CUST-1938,5,10,587.43,1,0,1.3,0
CUST-1939,38,21,1248.7,2,0,0.1,0
CUST-1940,14,17,1931.92,1,0,0.0,0
CUST-1941,36,29,3026.09,2,0,0.1,0
CUST-1942,47,16,425.34,1,0,7.3,0
CUST-1943,79,6,420.9,2,0,17.6,0
CUST-1944,10,12,609.87,0,0,0.4,0
CUST-1945,1,15,729.37,0,0,0.2,0
CUST-1946,6,12,839.35,2,0,0.2,0
CUST-1947,103,5,277.91,0,1,36.5,0
CUST-1948,93,17,1265.15,0,0,0.8,0
CUST-1949,40,20,676.55,2,0,0.3,0
CUST-1950,41,11,244.27,1,0,11.6,0
CUST-1951,49,7,812.96,6,0,9.6,0
CUST-1952,8,20,2527.95,1,0,0.0,0
CUST-1953,110,22,2465.05,1,0,0.8,0
CUST-1954,24,9,612.7,0,0,1.2,0
CUST-1955,21,5,264.68,1,0,11.9,0
CUST-1956,32,12,533.69,1,0,1.0,0
CUST-1957,2,33,1293.47,4,0,0.1,0
CUST-1958,8,3,190.04,0,0,10.5,0
CUST-1959,60,28,3489.95,1,0,0.1,0
CUST-1960,3,4,168.23,0,0,10.0,0
CUST-1961,41,7,873.34,1,0,1.4,0
CUST-1962,12,4,92.34,1,0,11.7,0
CUST-1963,22,6,460.4,0,0,3.5,0
CUST-1964,15,6,517.85,0,0,4.5,0
CUST-1965,19,10,475.8,0,0,3.0,0
CUST-1966,57,12,387.85,2,0,17.1,0
CUST-1967,15,6,645.11,1,0,1.3,0
CUST-1968,37,21,1436.23,1,0,0.1,0
CUST-1969,29,7,1698.45,2,0,2.0,0
CUST-1970,49,22,2765.76,4,0,0.1,0
CUST-1971,124,27,3409.63,2,0,0.3,0
CUST-1972,59,5,44.45,0,0,26.5,0
CUST-1973,10,10,426.12,1,0,6.0,0
CUST-1974,1,23,683.09,1,0,1.2,0
CUST-1975,13,7,98.63,4,1,46.2,0
CUST-1976,40,7,455.8,0,0,4.9,0
CUST-1977,2,18,1907.83,1,0,0.0,0
CUST-1978,30,18,622.15,1,0,1.3,0
CUST-1979,40,4,59.23,2,1,41.8,0
CUST-1980,18,3,109.69,1,0,11.1,0
CUST-1981,66,7,422.49,5,1,42.0,0
CUST-1982,5,16,922.03,2,0,0.0,0
CUST-1983,3,6,402.59,0,0,6.9,0
CUST-1984,58,10,852.63,1,0,1.0,0
CUST-1985,30,14,925.37,2,0,0.2,0
CUST-1986,52,3,328.13,1,0,17.0,0
CUST-1987,25,12,420.13,1,0,8.4,0
CUST-1988,12,5,280.65,1,0,8.6,0
CUST-1989,76,8,748.13,0,0,2.8,0
CUST-1990,72,14,1103.45,0,0,1.0,0
CUST-1991,53,7,1210.69,0,0,1.1,0
CUST-1992,14,8,288.24,3,0,10.7,0
CUST-1993,40,32,3023.86,0,0,0.1,0
CUST-1994,20,12,529.33,1,0,1.0,0
CUST-1995,4,16,655.39,2,0,0.3,0
CUST-1996,112,7,850.26,1,0,2.6,0
CUST-1997,6,11,722.08,1,0,0.4,0
CUST-1998,135,8,624.2,1,0,9.4,0
CUST-1999,26,9,417.21,1,0,10.8,0
